<?xml version="1.0" encoding="UTF-8" standalone="yes"?>
<addon id="repository.phate89" name="Phate89 Kodi Repository" version="1.0.1" provider-name="phate89">
    <extension point="xbmc.addon.repository" name="Phate89 Kodi Repository">
        <dir>
            <info compressed="false">https://raw.githubusercontent.com/phate89/repository.phate89/master/zips/addons.xml</info>
            <checksum>https://raw.githubusercontent.com/phate89/repository.phate89/master/zips/addons.xml.md5</checksum>
            <datadir zip="true">https://raw.githubusercontent.com/phate89/repository.phate89/master/zips/</datadir>
        </dir>
    </extension>
    <extension point="xbmc.addon.metadata">
        <summary>Phate89 Kodi Repository</summary>
        <description>This is the repository for phate89 kodi addons under development</description>
        <disclaimer>The author is not responsible for the use of this addon. The author is not responsible for the content found using this addon. The author does not host or own any content found within this addon.[CR]The author is in no way affiliated with Kodi, Team Kodi, or the XBMC Foundation.[CR]This is a Non-profit resource, organized solely for educational purposes which is protected under the Fair-Use doctrine of the Copyright Act, Specifically section 107, which does promote freedom of expression, by permitting the unlicensed use of copyright-protected works.
        </disclaimer>
        <platform>all</platform>
        <assets>
            <icon>icon.png</icon>
            <fanart>fanart.jpg</fanart>
        </assets>
    </extension>
</addon>